roi_number,blob_number,Area,MajorAxisLength,MinorAxisLength,Eccentricity,Orientation,ConvexArea,EquivDiameter,Solidity,Extent,Perimeter,ConvexPerimeter,FeretDiameter,BoundingBox_xwidth,BoundingBox_ywidth,shapehist_mean_normEqD,shapehist_mode_normEqD,shapehist_median_normEqD,shapehist_skewness_normEqD,shapehist_kurtosis_normEqD,Biovolume
56,1,2128,106.0232332,42.64453791,0.9155435734,27.27690276,3849,52.0524135,0.5528708756,0.3429492345,364.569,246.8210187,128.5,85,73,0.7316790729,0.01921140506,0.6734960769,0.4509170233,2.406934162,32196.20703
56,2,916,49.44419391,26.57284834,0.8433076514,29.53434188,1250,34.15095054,0.7328,0.413730804,160.435,142.8542361,181.5,54,41,0.469488023,0.269964505,0.4392264274,0.4651669926,2.707374662,1638.442017
56,3,335,39.93072141,17.06296001,0.9041032385,37.90730712,668,20.65272978,0.501497006,0.3067765568,149.782,106.0894439,94.5,39,28,1.162041885,0.04841974938,1.150924304,0.08695251528,2.100048434,12200.05957
89,1,30840,296.3160518,146.069135,0.8700573778,6.853484323,39722,198.1582892,0.7763959519,0.6024143454,1257.52,759.4378496,320.5,286,179,0.6364633993,0.005046470699,0.6288882548,0.1763385473,2.427996042,1949671.375
89,2,769,32.34973542,31.0892469,0.2764246819,88.35139077,858,31.29091258,0.8962703963,0.7509765625,109.092,108.1711361,365.5,32,32,0.4255430436,0.2946396796,0.4346779748,-0.03657014965,2.163372163,3162.013006
89,3,283,26.81904409,18.57246853,0.721407835,-48.59806608,482,18.98227571,0.5871369295,0.375331565,104.892,82.83892378,285.5,29,26,1.033739361,0.05268072255,1.139658278,-0.4323651912,1.953996308,11447.73242
92,1,437,56.45340201,33.2164422,0.8085795298,-32.38213101,1294,23.58825303,0.3377125193,0.2154832347,261.068,142.1068657,80.5,52,39,0.9246024503,0.7642683989,0.864670988,0.3088793891,2.325128456,1748.558838
92,2,249,23.14220969,14.18929356,0.7899783202,-4.901433457,273,17.80552293,0.9120879121,0.7217391304,60.546,62.82257687,149.5,23,15,0.7604289875,0.05616234941,0.7322674467,0.1653116916,2.264396642,2999.435586
92,3,245,39.16290118,17.00174066,0.9008508442,-33.05632691,470,17.66192765,0.5212765957,0.3673163418,110.954,83.28830218,121.5,29,23,0.630248482,0.05661896139,0.6794275367,-0.1155365478,2.17009009,1950.605957
109,1,14388,291.7054923,129.2144134,0.8965404466,-15.98777678,30376,135.3490693,0.4736634185,0.2919642857,1705.255,706.1290857,301.5,280,176,0.7225204078,0.00738830348,0.6743218415,0.5951429248,3.026980463,368144.1562
109,2,965,82.08581477,22.77523599,0.960738225,-60.53707871,1896,35.05247724,0.5089662447,0.2896158463,279.7,184.1165893,354.5,49,68,0.8071479719,0.5143076266,0.7200306773,0.6150341114,2.772193045,7235.51123
109,3,248,32.29581836,13.38823581,0.9100264759,-50.25036025,412,17.76973289,0.6019417476,0.2980769231,95.158,87.23080835,377.5,26,32,0.8089192615,0.05627546604,0.7654290917,0.5188289804,2.674393455,1348.899658
109,4,239,36.37808656,14.28480813,0.9196767999,-8.766420411,429,17.44431859,0.5571095571,0.3428981349,103.717,90.74066296,348.5,41,17,0.824754194,0.1281831655,0.7712324202,0.3913622138,2.2824566,1624.651245
124,1,12124,188.1841513,95.37792957,0.8620442885,9.475334671,16907,124.2447433,0.7170994263,0.5064327485,983.176,511.0503403,226.5,210,114,0.6627116023,0.008048630255,0.6399546847,0.3242171712,2.368780346,444556.6562
124,2,246,33.7708276,11.05839175,0.9448671303,-30.48176733,355,17.6979357,0.6929577465,0.3346938776,85.035,83.34488894,77.5,35,21,0.7853856746,0.5209389736,0.7079901464,0.4402367676,2.334279251,1442.58313
164,1,5110,127.0351999,86.56086244,0.7319179867,-41.28072863,9777,80.66135428,0.5226552112,0.3245680894,642.219,403.9451671,154.5,128,123,0.7608328675,0.01239751067,0.7451924933,0.1971479105,2.376195721,98397.46875
164,2,2075,69.16840765,48.69265015,0.7102273268,-66.28603777,3344,51.40011727,0.6205143541,0.4586648983,376.81,224.6544575,179.5,58,78,0.658985505,0.17936816,0.6626205258,0.09494390409,2.103683222,34711.37109
168,1,6717,181.7011593,69.14729228,0.9247582712,-7.770501974,11254,92.47891664,0.5968544518,0.3721742021,636.163,445.3470914,221.5,188,96,0.1882177025,0.01081327546,0.1746938114,0.2860693793,2.29011247,4101.389648
168,2,461,40.12390725,15.39640941,0.9234488306,-43.88918172,602,24.22732817,0.7657807309,0.4268518519,106.827,100.6662804,102.5,36,30,2.941942529,0.04127570292,2.658360357,0.4690775617,2.451012882,155922.0469
174,1,6504,201.3985449,62.80518717,0.9501328942,9.724008809,11374,91.00082417,0.5718304906,0.3430922614,791.208,479.1752029,215.5,213,89,0.800587402,0.01098891146,0.7236846909,0.6742477663,2.935534357,132673.6875
174,2,874,45.87536746,25.80769629,0.8267557261,-61.6121208,1052,33.35882735,0.8307984791,0.5712418301,129.951,125.2236148,118.5,34,45,0.4787609856,0.02997707292,0.4658515654,0.211979541,2.322387731,3696.252197
174,3,432,37.57569752,16.17805106,0.9025688286,-72.78244426,539,23.45292057,0.8014842301,0.5217391304,96.422,93.73465072,128.5,23,36,0.9459412566,0.04263861283,0.9723099702,-0.00945024034,2.187676532,11741.84375
174,4,324,22.89984587,19.97678619,0.4888736326,-8.341142901,412,20.31082501,0.786407767,0.5634782609,83.141,76.04227259,127.5,25,23,0.6361680401,0.04923482919,0.6910437583,-0.2763739978,2.050326876,4200.309378
174,5,273,42.77831858,16.5185408,0.9224390053,75.74683205,582,18.6438836,0.4690721649,0.2993421053,128.809,98.81648157,142.5,24,38,0.8474192162,0.2681844677,0.7735622798,0.3607765975,2.202974135,1348.073242
174,6,223,22.47716032,13.40951237,0.8025507015,-36.14367385,259,16.85029431,0.861003861,0.5056689342,63.499,63.65950066,244.5,21,21,0.6474049886,0.714622211,0.6635100657,-0.07132442494,2.140998226,1682.322866
183,1,8503,115.4968981,102.8707727,0.4546308479,-6.885586821,11353,104.0497758,0.7489650313,0.5087351921,602.523,401.0508647,156.5,137,122,0.6656319162,0.009610784762,0.7228562502,-0.3072402684,1.950614055,584938.634
183,2,297,28.9231159,22.03738917,0.6476594038,-49.68325438,525,19.44613444,0.5657142857,0.4074074074,112.128,86.51209226,176.5,27,27,0.7400465396,0.05142410194,0.73628109,0.007463157769,2.074816297,1952.53894
218,1,982,42.94551003,32.56894868,0.6518145055,49.1619766,1423,35.35988169,0.6900913563,0.4264003474,175.809,148.9709444,92.5,47,49,0.3754048776,0.02828063761,0.4078691561,-0.3602030251,1.993779145,5276.304862
218,2,358,24.40550654,19.12453125,0.6212462266,-36.6105223,386,21.34993576,0.9274611399,0.6509090909,70.793,72.50576235,50.5,25,22,1.182276809,0.04683854842,1.229456135,0.06974502885,2.260035001,31716.73403
218,3,209,26.69333708,13.281099,0.8674389702,-4.083114537,306,16.31278838,0.6830065359,0.4213709677,81.156,72.64720799,85.5,31,16,0.7146645195,0.5651728105,0.6743175809,0.307682395,2.494341478,1101.219604
236,1,19405,208.8676119,189.8337115,0.4170773767,19.47451857,35020,157.1852836,0.554111936,0.4030616484,1471.743,720.2712793,256.5,236,204,0.7061937315,0.006361918733,0.7144069328,0.004138476205,2.134174624,653297.375
236,2,194,18.15417078,14.71781436,0.5854443927,11.03272376,234,15.71650316,0.8290598291,0.5511363636,58.148,58.30731498,175.5,22,16,0.6369661252,0.06362738515,0.6763683818,-0.1701271896,2.153685834,1518.17465
236,3,171,19.18584275,13.56890546,0.7069782286,-6.993572464,229,14.75547228,0.7467248908,0.5310559006,62.159,57.97635794,267.5,23,14,0.6571557942,0.7577080338,0.6911360636,0.0302300933,2.348290199,999.3114014
302,1,673,47.56733935,35.83081828,0.6577169885,-61.18619363,1209,29.27268716,0.5566583954,0.4103658537,187.437,130.0900365,82.5,40,41,0.7129918323,0.03416153749,0.7133138445,0.02720021623,2.097708283,4802.919434
302,2,411,44.15270972,17.45707882,0.9185178309,83.42954543,688,22.87578311,0.5973837209,0.4358430541,114.94,106.9697485,62.5,23,41,0.7598842591,0.04371435046,0.7169686558,0.3045877424,2.258636108,3115.485107
313,1,2459,108.0734686,44.51364737,0.9112366431,-14.38750018,4349,55.95441038,0.5654173373,0.3655961939,463.383,271.5987994,126.5,114,59,0.7112795889,0.01787169221,0.6765326666,0.5989897901,3.124768949,30898.37695
313,2,1946,78.87321794,48.81213543,0.7854947546,47.26269406,3673,49.7767431,0.5298121427,0.3462017435,378.704,228.7066323,199.5,73,77,0.3418760046,0.1004485165,0.3245590895,0.2479652095,2.184044762,2227.039795
313,3,370,40.86721187,19.01484671,0.8851616222,79.70865339,769,21.70480665,0.4811443433,0.3648915187,134.442,106.5243479,143.5,26,39,1.623090122,0.04607274399,1.609251764,0.1375998813,2.277343943,30108.2832
353,1,1270,74.96276642,25.16022049,0.941991677,-0.1224796795,1821,40.21211536,0.6974190005,0.503968254,256.161,204.7507838,100.5,90,28,0.8525512326,0.02486812721,0.7612247069,0.472127552,2.310603407,15414.4502
353,2,166,33.34160086,11.28012492,0.9410311838,7.603001373,351,14.53814859,0.4729344729,0.3161904762,99.723,82.38778306,138.5,35,15,0.8899286465,0.06878454941,0.8051025093,0.5000724242,2.495576894,639.0541382
360,1,2928,124.264378,33.5865377,0.9627809452,-14.79302369,4597,61.05772176,0.6369371329,0.3931256713,416.639,300.5258683,134.5,133,56,0.8172531434,0.01637794485,0.733358944,0.4941022134,2.388322168,49587.35938
360,2,1390,61.30841229,32.44791476,0.84846148,-13.03479854,1669,42.06902622,0.8328340324,0.5483234714,181.076,171.1118404,213.5,65,39,0.6951502197,0.0237704575,0.6909806648,0.0997530533,2.206430268,21924.54492
392,1,2268,176.2791179,71.97818801,0.9128391136,5.199434978,9675,53.73739189,0.2344186047,0.1569115816,801.483,475.3097972,223.5,219,66,0.4859474657,0.04161102537,0.428411727,0.5692607859,2.396331186,524.9349976
392,2,212,81.19725286,6.559335126,0.9967317351,-4.619910188,515,16.42944867,0.4116504854,0.1992481203,158.753,158.5206791,79.5,76,14,4.379048766,0.06086631513,3.912998783,0.6861488376,3.014166807,19158.52148
460,1,1295,64.80664329,36.05304828,0.8309700406,71.82603391,2063,40.60597506,0.6277266117,0.4286660046,241.583,173.6319046,69.5,53,57,0.6839163822,0.02462691755,0.6631000486,0.229935385,2.210397033,16395.13672
460,2,255,20.65505321,19.58565361,0.3175970737,-26.57533812,365,18.01877032,0.698630137,0.4619565217,79.974,71.69493754,131.5,24,23,0.7785049609,0.05549768281,0.7848557571,0.2146549808,2.309137002,2463.00864
460,3,253,29.44816931,19.69203863,0.7435308592,-6.810894172,467,17.94796938,0.5417558887,0.3285714286,96.315,87.90332238,98.5,35,22,0.6526802175,0.2785830472,0.6981271152,-0.2115475925,2.06044705,1798.168579
469,1,2483,135.2382021,50.87086505,0.9265557347,25.47414889,5761,56.22680668,0.4310015622,0.2736992945,488.227,313.1745548,164.5,112,81,0.8273817585,0.01778511104,0.7843617083,0.4394875254,2.53970142,29843.50195
469,2,202,24.69521863,12.35264213,0.8659077095,-81.35302471,311,16.03728119,0.6495176849,0.4097363083,79.849,72.41432582,103.5,17,29,0.7212543562,0.06235470888,0.7054629998,0.2122833092,2.469447832,1238.651245
477,1,425,39.82691928,19.79599877,0.8677214905,49.9214306,713,23.26213246,0.5960729313,0.3808243728,120.464,101.7380298,153.5,36,31,0.5654378511,0.04298832026,0.6199863717,-0.4519241727,1.97586384,3751.838379
477,2,362,23.16008108,20.17358735,0.4911944555,-51.66598225,385,21.46887783,0.9402597403,0.7835497835,68.667,71.58024793,83.5,21,22,0.7776759094,0.04657905308,0.7510646633,0.1548184211,2.212515879,11482.52115
510,1,440,26.50292305,21.78755049,0.5693705007,-23.77845717,502,23.66908109,0.8764940239,0.7357859532,84.786,82.86902142,82.5,26,23,0.5939468986,0.04224921095,0.5746513968,0.1406375636,1.870006887,1195.376005
510,2,183,36.82950624,16.45460793,0.8946449269,-60.0315787,491,15.26443044,0.3727087576,0.244,104.56,87.47879011,43.5,25,30,0.9683063435,0.06551177942,1.056345702,-0.3808021453,2.010508276,4870.549316
520,1,1279,79.81100034,30.26541639,0.9253091641,22.64863657,2112,40.35434769,0.6055871212,0.3625283447,278.708,199.5705454,112.5,84,42,0.789446036,0.02478047738,0.7321781938,0.5092016739,2.604047117,13621.91016
520,2,289,21.10648011,18.83942154,0.4508703453,63.3420105,381,19.18244584,0.7585301837,0.4816666667,80.817,73.74446093,131.5,25,24,0.6469320176,0.05213099561,0.7013508162,-0.3364806796,2.008447662,3167.510793
529,1,688,36.06381773,26.0246387,0.6922816684,-34.09468291,970,29.59710808,0.7092783505,0.5733333333,137.915,120.569903,120.5,40,30,0.3495312049,0.03378708478,0.3777510917,-0.2857837715,2.068451113,2076.592744
529,2,466,28.81014129,21.1099143,0.6805247202,-42.44105124,513,24.35835848,0.9083820663,0.6638176638,82.942,83.8449077,84.5,27,26,0.8198476281,0.04105366956,0.8776272155,-0.1468695529,2.202706865,10264.3686
529,3,455,52.96618886,16.81079615,0.9482959961,-17.69419346,826,24.06915023,0.5508474576,0.3190743338,149.287,119.3182518,116.5,46,31,0.6341102285,0.04154695909,0.6864672733,-0.2854737996,2.058759786,5187.004395
529,4,205,18.8260195,15.34098472,0.5796268626,36.15243369,266,16.15593101,0.7706766917,0.490430622,64.045,61.72714203,119.5,22,19,1.14656515,0.3094838668,1.030167619,0.4196158003,2.337210816,5852.001715
562,1,9149,157.0409284,87.3978342,0.8308281702,-9.300682607,13022,107.9299245,0.7025802488,0.5295173052,786.749,436.0821617,183.5,163,106,0.6643674468,0.009265271008,0.6615429453,0.1296879157,2.267090599,280565.0625
562,2,4501,118.7988274,58.85819875,0.868639725,-44.90272123,5908,75.70238564,0.7618483412,0.4640206186,412.264,304.8211419,261.5,97,100,0.6681091291,0.01320962334,0.6474063216,0.2542814771,2.40302374,98951.10156
577,1,5755,123.9987675,63.3304981,0.8597382519,-17.12618812,7080,85.60078025,0.8128531073,0.5112828714,372.981,334.1739998,159.5,134,84,0.684004237,0.01168213651,0.6955532696,0.1078402155,2.40306969,192077.2344
577,2,489,33.43076167,22.09808515,0.7503766337,18.28476945,707,24.95223712,0.6916548798,0.4274475524,115.246,110.378952,103.5,44,26,0.7448267223,0.04007656689,0.7561631517,0.1934877077,2.31672519,5236.094238
592,1,5269,175.9756335,69.4938128,0.9187215815,13.52104374,9551,81.90664907,0.5516699822,0.2729203356,612.571,461.3416378,219.5,197,98,0.8777777315,0.01220902102,0.79536876,0.4967794485,2.434942408,102912.0781
592,2,368,43.42963463,21.30860528,0.8713586246,-14.80579405,794,21.64606552,0.4634760705,0.2951082598,150.279,114.8710542,122.5,43,29,0.8575343402,0.2309888601,0.8328421792,0.4017438306,2.553369662,2023.02771
599,1,799,52.80227392,29.60197273,0.8280736828,-84.86938454,1415,31.89542908,0.564664311,0.3747654784,229.615,147.2310496,74.5,41,52,0.6883784268,0.03135245484,0.6876130164,0.1527237847,2.349421857,7220.291016
599,2,261,42.12162674,17.29079513,0.9118620156,12.98302285,559,18.22952334,0.4669051878,0.2758985201,126.717,101.3148567,90.5,43,22,0.8589726945,0.4422637717,0.779651236,0.4883095325,2.482642362,1234.670044
607,1,768,49.69104179,24.60438645,0.8688090273,22.35879693,1271,31.27056076,0.6042486231,0.4183006536,191.06,141.0114648,150.5,54,34,0.4144513633,0.03197895962,0.4349608762,-0.08883999168,2.046580944,1916.941528
607,2,264,22.7386069,19.30149174,0.5286461227,-54.17323076,419,18.33399138,0.630071599,0.4099378882,92.064,79.96783789,65.5,23,28,0.7691697967,0.1219629666,0.7174076919,0.2921056913,2.090504017,1329.679091
607,3,251,23.61909436,14.40716051,0.7924172872,-60.85253389,300,17.87688803,0.8366666667,0.5577777778,67.899,68.17837626,84.5,18,25,0.6494563666,0.05593814752,0.6759032082,0.03443781871,2.326559461,1958.78302
607,4,176,45.2460605,15.2646737,0.9413720465,-79.76786145,425,14.96964127,0.4141176471,0.2514285714,103.287,85.91335789,61.5,20,35,1.514062789,0.09447210768,1.493735178,0.1975519874,2.357642809,7192.299316
623,1,3098,80.25652359,65.32678514,0.5809002305,71.95849248,4278,62.80522359,0.724170173,0.5099588477,308.522,250.5088668,114.5,75,81,0.6668512869,0.0159222425,0.6837300889,-0.09976063458,2.045791659,60883.21484
623,2,183,17.68737269,13.66477294,0.6349268865,78.55606168,201,15.26443044,0.9104477612,0.6354166667,49.357,52.25948609,97.5,16,18,0.6130685465,0.8541690999,0.6680916833,-0.3495853559,2.027946811,1323.395905
640,1,3341,119.37899,41.1421253,0.9387369292,-7.731024387,4460,65.22187761,0.749103139,0.5797327781,327.791,275.2173056,139.5,113,51,0.7242261781,0.01533227863,0.6761865153,0.385376388,2.43268633,66222.73438
640,2,177,19.84567029,12.97842999,0.7565223548,-22.56755916,225,15.01210843,0.7866666667,0.5619047619,60.199,58.55457006,121.5,21,15,0.6482386277,0.06661289484,0.6661289484,-0.01899815356,2.21301604,1097.478882
649,1,906,43.39458143,28.39749156,0.7561470116,9.368694156,1111,33.96402549,0.8154815482,0.5551470588,144.299,128.4814284,73.5,51,32,0.6655829683,0.02944291749,0.6892410273,0.02056482467,2.120119352,13514.71191
649,2,165,16.91312308,14.9022738,0.4729166705,-74.79767624,220,14.49429284,0.75,0.5108359133,61.233,54.90676056,102.5,19,17,0.6294383388,0.06899267258,0.6508755713,-0.2675471424,2.081214468,1265.276441
652,1,692,36.99792674,27.41323266,0.671571563,-68.38976429,1006,29.68302149,0.6878727634,0.4805555556,164.415,117.9709847,84.5,36,40,0.4287426446,0.07533154864,0.4494712261,-0.06008241881,2.280844639,2925.608159
652,2,247,22.57328201,18.59204176,0.5671269083,-5.579590098,419,17.73387063,0.5894988067,0.3187096774,94.587,81.74436052,63.5,31,25,1.109138757,0.07974646888,1.15011993,-0.0898627776,2.085653736,7447.165527
672,1,8206,190.3774221,77.56759881,0.9132314583,-58.23732082,13896,102.2164552,0.5905296488,0.3053054543,988.497,516.2517262,297.5,151,178,0.1433228073,0.009783160632,0.1410947492,0.08744466179,2.151945476,1386.113159
672,2,329,30.1985896,15.44658173,0.8592832147,-20.93250389,408,20.46694433,0.806372549,0.4531680441,88.938,85.67661234,154.5,33,22,0.487908525,0.06909744511,0.5262304641,-0.2617746268,2.025817563,1409.330078
672,3,275,31.23626785,23.09106462,0.6734432662,71.33308094,657,18.71205159,0.4185692542,0.2777777778,130.777,96.84654097,218.5,30,33,0.7701545898,0.05344149438,0.7595463455,0.195505659,2.377860967,2564.877197
672,4,270,21.76645225,16.61916501,0.6457818249,-47.62344399,308,18.5411617,0.8766233766,0.5869565217,66.402,67.01198628,273.5,23,20,0.6371766364,0.05393405313,0.6822178053,-0.2349522994,2.052672433,2484.214391
672,5,208,18.06829074,14.87258958,0.5678499746,-22.89868208,217,16.27371578,0.9585253456,0.7298245614,50.465,53.98486664,222.5,19,15,5.015751878,1.107783657,4.816973053,0.435911349,2.459809684,474025.4907
672,6,196,18.197254,14.68671025,0.5904368052,44.30795435,232,15.79730834,0.8448275862,0.5764705882,58.264,57.53014912,116.5,20,17,0.6253775301,0.90634561,0.6847149903,-0.4102065747,1.978395703,2135.497606
701,1,1752,70.56091896,41.21638043,0.8116638807,56.38398917,2922,47.23045291,0.5995893224,0.4022962113,300.666,205.8233985,124.5,67,65,0.311474906,0.04734377588,0.3238812587,-0.1092349914,2.185580801,2502.076416
701,2,341,25.36879527,21.67387401,0.5196952269,-39.33892284,589,20.8368588,0.5789473684,0.4230769231,116.321,92.99042648,58.5,31,26,1.622049779,0.06787076573,1.609696547,0.03797283347,2.097488029,92452.35941
782,1,328,22.79554455,18.76382884,0.5678445669,-51.20848231,353,20.43581588,0.9291784703,0.6776859504,66.195,69.06776964,88.5,22,22,0.6672761888,0.5579299754,0.6655702218,0.05455773305,2.32652594,4945.652235
782,2,228,28.97338021,23.90642334,0.5649621523,51.4539409,527,17.03815178,0.4326375712,0.3131868132,136.674,85.97322168,52.5,28,26,0.7372006022,0.05869181192,0.8153727098,-0.4030188319,2.001292862,3178.402344
782,3,199,20.00755381,13.23176827,0.7500874708,-4.317207369,236,15.917747,0.843220339,0.6461038961,60.108,59.14973174,104.5,22,14,0.6360061914,0.06282296108,0.6766239982,-0.09828208898,2.1269674,1528.384826
821,1,464,30.84028499,22.14155656,0.6961022354,-61.05760852,630,24.30603112,0.7365079365,0.4823284823,114.254,98.32043995,71.5,26,37,0.6651957264,0.04114205216,0.6785321068,0.0004162324647,2.243053485,4633.175781
821,2,224,31.46161934,13.30839843,0.9061277016,-51.60190987,397,16.88803298,0.564231738,0.3218390805,92.478,80.93281141,49.5,24,29,0.7804773834,0.05921352718,0.7227932127,0.2864131783,2.207846774,1237.02417
888,1,6114,462.3007368,34.11799283,0.9972730301,5.232634175,21912,88.23030418,0.2790251917,0.1346458774,1532.801,1086.845053,565.5,528,86,0.1928747789,0.0113339743,0.1816974303,0.4537535705,2.736348783,606.1085205
888,2,1305,641.8265186,18.67997094,0.9995763774,3.672451966,9022,40.76245338,0.1446464199,0.06417191188,1094.277,1010.967157,532.5,496,41,4.139529395,0.02453238009,3.630294942,0.5527934474,2.359478891,4648.970215
888,3,200,42.65862123,23.33593584,0.8371070242,25.11347197,804,15.95769122,0.2487562189,0.1519756839,174.8,115.6693506,74.5,47,28,11.01898315,0.06266570687,9.720459148,0.6300994819,2.550816196,73408
888,4,184,25.43253621,13.39630514,0.8500271601,-13.77862126,381,15.30607971,0.4829396325,0.3458646617,92.122,78.81012388,200.5,28,19,0.6938527646,0.06533351574,0.6821019297,0.1864815569,2.265107347,1066.054688
888,5,179,22.78115013,11.57771976,0.8612302963,-31.88979187,225,15.09668435,0.7955555556,0.4972222222,63.747,63.49825916,168.5,24,15,0.7797129104,0.06623971042,0.7552488999,0.1703621732,2.360150778,894.6278687
898,1,737,38.24684956,27.38398924,0.6981205263,86.15644775,939,30.63294867,0.7848775293,0.7019047619,129.644,114.099697,58.5,30,35,0.6464633426,0.03264458837,0.6729854298,-0.227243244,2.048264852,11786.47024
898,2,373,38.92611304,23.73368003,0.7926237909,-57.32433641,768,21.79262146,0.4856770833,0.378296146,172.724,104.9000806,118.5,29,34,0.782927563,0.04588709081,0.7637133975,0.02398977058,2.165581234,1932.852783
929,1,404,39.63865215,17.03263402,0.9029728487,-2.324311518,636,22.68014057,0.6352201258,0.454954955,125.824,97.93468398,65.5,37,24,0.446897669,0.04409143749,0.4929572573,-0.4209809465,1.949612365,1703.205078
929,2,214,17.29704946,16.54837033,0.291021978,-57.68223768,221,16.50676415,0.9683257919,0.6993464052,52.425,56.0082034,44.5,18,17,0.9663525464,1.092143573,0.940473527,0.2136945915,2.329680799,6286.3269
932,1,366,32.07937259,16.0656017,0.8655584872,-16.52801296,465,21.58716455,0.7870967742,0.5622119816,89.211,85.58112924,86.5,31,21,0.5928174666,0.04632382347,0.5729940515,0.1205655583,2.236047849,1588.341431
932,2,266,31.17629147,15.54793028,0.8667688695,-89.44603313,456,18.40330728,0.5833333333,0.4925925926,100.07,80.42536676,42.5,20,27,0.7856471404,0.05433805917,0.7684562023,0.07914414729,2.163561963,3023.579346
976,1,1255,67.14023271,47.09603235,0.7127111007,61.12514648,2399,39.97393687,0.5231346394,0.3487079744,252.118,186.172601,106.5,59,61,0.2491692869,0.02501630008,0.270592658,-0.3214236439,2.040052564,1451.764648
976,2,262,21.54537268,16.13703904,0.6625933491,-25.21946861,280,18.26441241,0.9357142857,0.6616161616,59,62.05551276,54.5,22,18,0.6187249069,0.0547512823,0.6615622612,-0.3063254625,2.042985841,2348.340509
976,3,193,16.50673287,15.84772482,0.2797378932,60.21820017,230,15.67594438,0.8391304348,0.5406162465,56.941,57.6745886,47.5,21,17,1.843824767,0.06379200997,1.796399311,0.09301683402,2.123487643,21211.2482
1005,1,4201,99.93427138,69.56106142,0.7179757365,-75.00165069,6358,73.13603303,0.6607423718,0.3955743879,435.918,307.7816627,131.5,90,118,0.2576106363,0.01367315068,0.247631291,0.289408515,2.462460188,5468.50293
1005,2,569,41.03658175,19.82171498,0.875606291,-26.73646866,757,26.9160417,0.751651255,0.4581320451,130.058,111.9238484,120.5,46,27,1.841468851,0.03715256541,1.850928728,0.08701647243,2.373808672,85312.94531
1006,1,7443,214.3822566,59.4375087,0.9607977753,12.04966736,16052,97.34845624,0.4636805383,0.3445833333,890.194,549.0709576,219.5,216,100,0.8540627433,0.01027237656,0.8012453717,0.4988258649,2.621593686,168639.375
1006,2,6809,98.28541565,88.29419125,0.4392910598,-21.38398811,6967,93.11008571,0.9773216593,0.7719954649,301.169,299.0986515,567.5,98,90,0.121718528,0.01073997508,0.1310981031,-0.3847784841,1.987858869,2586.316152
1006,3,4305,98.08664486,90.50577397,0.3854888191,20.73954173,9134,74.03577676,0.4713159623,0.3483009709,770.132,363.1578583,327.5,120,103,0.7312484412,0.0135069833,0.7268715011,0.05786181948,2.206137319,67736.16406
1006,4,3492,85.12220829,58.24505503,0.7292454863,31.2387984,4603,66.67947578,0.7586356724,0.5288505225,338.073,254.4497399,396.5,93,71,0.6565483459,0.0149971185,0.699097399,-0.1550738051,2.198876761,77586.15625
1006,5,262,19.5738014,18.09998392,0.3806854727,-19.03502606,305,18.26441241,0.8590163934,0.5954545455,65.153,65.04379368,219.5,20,22,3.219674595,0.0547512823,3.572704719,-0.4801257001,1.944396466,390381.3717
1028,1,6058,147.0688599,63.03856034,0.9034787148,1.606140639,9267,87.82531049,0.6537174922,0.4426744611,610.967,385.9139136,188.5,161,85,0.7117598968,0.01138623928,0.6954000572,0.3121222528,2.539517998,137805.7969
1028,2,1705,96.64842112,29.73406679,0.9514989918,22.72196109,2632,46.59263272,0.6477963526,0.3496718622,262.796,223.9171736,277.5,92,53,0.8159254447,0.02146262063,0.7391372564,0.4431736036,2.274444618,21439.34766
1042,1,3414,98.48201042,57.99421385,0.8082195371,5.680826334,5851,65.93056807,0.5834900017,0.4278195489,424.214,297.5345439,126.5,114,70,0.7466909408,0.01516747132,0.7281176118,0.05801317653,2.084043074,68499.17969
1042,2,641,45.96333363,25.85035591,0.8268567698,-64.97991076,1091,28.56827871,0.5875343721,0.4259136213,198.471,126.2816243,165.5,35,43,0.7028834447,0.3227196343,0.704439074,0.1560994296,2.298919111,5255.369141
1101,1,665,45.89533543,33.24383213,0.6894428265,17.36669661,1373,29.09818374,0.4843408594,0.3259803922,214.001,145.0105247,73.5,51,40,0.769951023,0.03436640612,0.7684562023,0.1434255917,2.272808483,4822.280762
1101,2,450,43.25902252,23.30900706,0.8424182513,-8.869926778,871,23.93653682,0.5166475316,0.3448275862,164.537,113.1816434,88.5,45,29,0.7295226042,0.3851661803,0.7296063472,0.2992155528,2.749219709,3146.29248
1150,1,626,47.58456137,21.38474877,0.8933280341,28.74840236,878,28.23203774,0.7129840547,0.3992346939,134.275,125.7255472,107.5,49,32,0.4431167614,0.0500925075,0.4658872505,-0.07357758595,2.118677318,2078.135498
1150,2,258,21.81194992,17.06830737,0.6226242779,-31.54959846,315,18.12445317,0.819047619,0.451048951,73.531,73.93769019,48.5,26,22,1.129800846,0.05517407841,1.061294588,0.2922814048,2.321757132,11893.28439
1160,1,863,38.18281762,29.43529364,0.6369511347,-30.10110548,991,33.14823867,0.8708375378,0.6013937282,121.341,116.866947,195.5,41,35,0.703967397,0.2432182846,0.6108456299,0.593979954,2.464418546,4055.796116
1160,2,558,67.11384617,10.88816893,0.9867522621,6.12207017,639,26.65459934,0.8732394366,0.5636363636,138.227,139.266237,81.5,66,15,0.7913489956,0.03751697736,0.8661466814,-0.3168390926,2.058624824,16801.23751
1182,1,3407,198.5889932,36.46976864,0.9829927324,-11.30131548,6735,65.862942,0.5058648849,0.3213544614,608.96,414.6339818,203.5,186,57,0.9626709792,0.01518304481,0.8338242903,0.6866662361,2.721772555,49960.76172
1182,2,227,47.59330837,20.52672066,0.9022113179,-6.259932858,837,17.00074636,0.2712066906,0.1853061224,191.919,125.0827304,90.5,49,25,1.05059338,0.4742296355,1.001684633,0.4784114545,2.731830263,719.6326904
1182,3,222,27.65265179,15.64867559,0.8244728953,45.22482639,387,16.81247093,0.5736434109,0.4387351779,103.973,76.67447095,122.5,22,23,0.7076799642,0.4795403233,0.6949187835,0.08411377551,2.318928935,1102.816895
1222,1,5766,174.1995005,104.9550035,0.7981197294,-21.6494831,13349,85.68254907,0.4319424676,0.275147929,998.221,450.640609,216.5,169,124,0.218042653,0.01167098798,0.1942439523,0.6324218944,2.827232643,1127.224121
1222,2,278,53.33070602,15.8106748,0.9550437937,-7.260050052,756,18.81384048,0.3677248677,0.2256493506,175.503,125.1980598,72.5,56,22,3.357462944,1.095763949,3.235752163,0.3834055215,2.764521197,79420.00781
1222,3,228,33.30441949,18.83873195,0.8246436322,-77.90334405,568,17.03815178,0.4014084507,0.3144827586,131.877,92.23992245,251.5,25,29,0.8245685487,0.4731885154,0.798294949,0.198356229,2.307445991,976.0615234
1253,1,2121,76.67511293,39.16209333,0.8597271167,-17.8057634,2967,51.96673046,0.7148634985,0.4974202627,260.066,211.2842284,105.5,82,52,0.6923110438,0.01924308093,0.6825192847,0.1474199959,2.345654126,37813.76953
1253,2,190,26.84245276,9.630136813,0.9334278554,-27.92425427,234,15.55363345,0.811965812,0.3991596639,69.743,70.79469718,121.5,28,17,0.773380621,0.06429365866,0.7072302453,0.4541636212,2.469223104,1098.056274
1268,1,2776,118.7816157,54.12689528,0.8901415553,11.17229709,4957,59.45177017,0.5600161388,0.3722177527,476.498,288.0660552,170.5,113,66,0.2137879536,0.1880573086,0.212762557,-0.05456519907,2.189718681,1543.700195
1268,2,273,25.5398553,20.37589511,0.6029118967,51.22521864,458,18.6438836,0.596069869,0.4396135266,114.485,79.26711811,46.5,23,27,2.343672198,0.05363689355,2.189279022,0.4310526745,2.516814927,34911.12109
1276,1,7774,158.7087471,68.80075054,0.9011520245,-24.82715067,10294,99.48951815,0.7551972023,0.4585889571,628.367,419.1673361,185.5,163,104,0.1022315466,0.01421469908,0.1010144165,0.2212372443,2.440042948,1072.338379
1276,2,177,22.18096485,11.2452519,0.8619592407,9.281974683,215,15.01210843,0.823255814,0.5236686391,60.77,60.37065311,57.5,26,13,4.694907984,0.06661289484,4.571120319,0.2778790852,2.432493623,251134.2344
1297,1,8975,211.0587636,129.912832,0.7881140801,77.6817406,22036,106.8986666,0.4072880741,0.2307435212,1176.905,614.1506205,217.5,187,208,0.8184242808,0.01322947804,0.7673097266,0.31233314,2.195490722,252506.9531
1297,2,379,76.5510996,10.31936268,0.9908723396,-11.39345324,760,21.96719799,0.4986842105,0.2732516222,181.076,156.1718955,277.5,73,19,1.139908476,0.04552241941,1.001493227,0.6377240506,2.578448392,1651.952515
1308,1,627,73.58715427,20.31266528,0.9611474471,-37.23520738,1185,28.25457829,0.5291139241,0.239039268,180.035,156.9635545,143.5,61,43,0.9045878672,0.2853434111,0.8024033437,0.4969448923,2.339004523,4122.30127
1308,2,492,25.98555505,24.70206473,0.3103953811,30.10569598,533,25.02866069,0.9230769231,0.7592592593,83.363,85.25711483,95.5,27,24,0.5683827592,0.03995419541,0.6085641737,-0.2339931688,2.095678426,5575.541562
1308,3,385,23.78269919,21.89979777,0.3899667388,-39.20667194,471,22.14039803,0.8174097665,0.5772113943,87.35,82.44365303,118.5,29,23,0.7030607211,0.04516630635,0.7731226308,-0.4121501839,1.964999853,7508.406442
1308,4,277,27.44127695,14.60878073,0.8465147963,-58.12999537,352,18.77997215,0.7869318182,0.5246212121,75.127,73.5628201,133.5,22,24,0.6986444652,0.2662410764,0.607123065,0.5144772611,2.381772052,1083.608521
1308,5,218,36.04756056,9.307143743,0.9660939804,43.94332913,296,16.66031875,0.7364864865,0.2994505495,83.646,79.36348361,126.5,26,28,0.7392032794,0.1342151979,0.7326723937,0.02467665757,2.245171187,1982.909668
1309,1,502,39.56047296,18.03762819,0.8900049963,7.201033791,692,25.28173751,0.725433526,0.5196687371,128.991,107.6773656,61.5,46,21,0.7028844964,0.03955424344,0.6547392303,0.3701393548,2.379619988,4645.871094
1309,2,240,22.43475326,14.38171724,0.7675021469,4.19422649,272,17.48077489,0.8823529412,0.6138107417,62.44,62.79678315,124.5,23,17,0.6297155235,0.05720570205,0.6695755757,-0.1914382137,2.144462313,1796.2056
1314,1,5166,163.515907,62.71438752,0.9235255438,7.585913075,10739,81.10212998,0.4810503771,0.3189282627,906.706,432.8786269,203.5,182,89,0.818359864,0.01233013239,0.7528452101,0.4632072699,2.491572147,89266.97656
1314,2,541,33.53278221,22.50014645,0.7414668055,2.705403298,657,26.24542996,0.8234398782,0.6011111111,102.816,97.16035763,149.5,36,25,0.6388875923,0.1905093576,0.6740909195,-0.1942696477,2.142964736,5830.463867
1343,1,1573,54.9498162,37.99952005,0.722346458,35.33489618,1795,44.7527184,0.8763231198,0.6473251029,166.794,158.4019592,114.5,54,45,0.4206424854,0.2690695674,0.3805218314,0.4276288433,2.358192317,3596.33819
1343,2,487,48.29049292,16.03156197,0.9432858118,28.13993769,716,24.90115777,0.6801675978,0.3831628639,122.855,113.9706069,61.5,41,31,1.16151999,0.04015877532,1.246863687,-0.1912693555,2.098311371,30470.20898
1375,1,6878,141.6521637,83.59541183,0.8072967742,-63.18123006,10883,93.58066888,0.6319948544,0.419339105,730.977,389.5569661,146.5,118,139,0.1775168152,0.08615302545,0.1662346441,0.3491887304,2.354316898,2350.017822
1375,2,383,40.7318436,17.04105446,0.9082758625,-72.3753751,664,22.08281562,0.5768072289,0.4031578947,122.136,103.8735034,112.5,25,38,2.784935107,0.04528408049,2.750798234,0.1529213433,2.399604093,150296.25
1415,1,3502,109.9720958,73.42851359,0.7444292759,-0.759232495,6487,66.77488215,0.5398489286,0.3474206349,652.897,311.1403478,139.5,120,84,0.744255593,0.2699781085,0.7227225642,0.2643457162,2.368753494,46714.84766
1415,2,468,38.38973833,17.80100998,0.8859965234,12.02010048,577,24.41057367,0.8110918544,0.5909090909,94.728,92.81109478,108.5,36,22,0.6598794768,0.05793446649,0.6239733001,0.1928211653,2.323998809,4145.949219
1426,1,630,61.88930671,26.86155454,0.9009004514,-27.71797904,1310,28.32209232,0.4809160305,0.303030303,205.275,151.3360575,87.5,63,33,0.8425393067,0.03530812586,0.8272958356,0.367142901,2.648885038,4779.803711
1426,2,244,36.92426965,16.6200646,0.8929720033,-40.08512243,489,17.62584605,0.4989775051,0.2901307967,105.727,87.47192526,107.5,29,29,0.8003553759,0.4574111067,0.761178092,0.3066246494,2.161226244,1074.828369
1440,1,4043,172.5471649,45.57983298,0.9644792308,29.66997829,8066,71.74752595,0.5012397719,0.2450600073,714.318,390.2444225,260.5,146,113,0.2354105704,0.01393776283,0.2373515482,0.06935561325,2.180600324,4740.176758
1440,2,2886,101.3270008,63.71586269,0.7775555482,77.59806473,5064,60.61822602,0.5699052133,0.4063644044,407.385,289.990458,365.5,67,106,0.1908529832,0.01649668863,0.1986464364,0.01704818899,2.321075854,1602.313843
1440,3,556,48.80699764,17.73278826,0.9316625758,-51.14862216,799,26.60678836,0.6958698373,0.3853083853,129.421,114.4476042,306.5,37,39,0.3606426664,0.05315235883,0.3869550132,-0.3459304481,2.0162592,1345.240234
1440,4,474,32.25470747,21.7723553,0.7378055953,9.664541089,627,24.56655336,0.7559808612,0.5284280936,108.555,99.61091291,175.5,39,23,2.489182708,0.04070575083,2.25761008,0.5781732547,2.59126587,55442.27344
1440,5,270,60.05646808,12.37499625,0.9785401986,-8.00372976,824,18.5411617,0.3276699029,0.2288135593,166.811,132.4476368,317.5,59,20,1.129582863,0.2696702656,1.007571262,0.5334359595,2.393350372,992.3415527
1440,6,237,24.294738,14.0643804,0.8153939713,-16.10298974,312,17.37117647,0.7596153846,0.5163398693,72.976,68.94229662,104.5,27,17,1.098650538,0.05756662489,1.029783092,0.383968445,2.429907898,4598.604492
1440,7,207,19.28592216,14.55618634,0.6560043799,27.82120721,239,16.23454914,0.8661087866,0.6052631579,57.296,58.28903683,377.5,18,19,2.86323265,0.06159702936,2.853478645,0.2019560328,2.369547768,136275.2207
1440,8,188,17.27024832,14.86317655,0.5092422699,-15.87870816,215,15.47155566,0.8744186047,0.5497076023,55.254,56.08993742,122.5,19,18,0.6583966049,0.06463474147,0.7109821562,-0.2633859981,2.04974843,1844.900286
1460,1,446,35.91659861,22.62227192,0.7767122266,37.24561985,612,23.82991475,0.7287581699,0.4645833333,107.174,96.71375267,55.5,32,30,0.6766977032,0.3383250772,0.6766501545,0.06386360893,2.126766147,3569.989502
1460,2,333,29.18269851,21.51492294,0.6756208446,30.14546204,580,20.59098755,0.574137931,0.3978494624,118.827,89.94992107,79.5,31,27,0.6940245376,0.04856493636,0.7071161469,-0.06864624216,2.162544403,2362.720703
1460,3,299,23.04157479,17.39937073,0.6555757602,-28.60154558,356,19.51149979,0.8398876404,0.6294736842,70.743,70.70729023,84.5,25,19,0.6343255639,0.05125182641,0.6741125276,-0.2106767573,2.120729114,2873.77188
1480,1,8359,105.2577783,102.5034049,0.2272685901,44.34168969,9057,103.1649619,0.9229325384,0.6978627484,384.186,343.0473248,156.5,113,106,0.09708815591,0.009693213491,0.1043991043,-0.2182742462,2.068924978,1664.258708
1480,2,197,18.62096453,14.15267534,0.6498764541,18.32816555,238,15.83755632,0.8277310924,0.5863095238,57.66,58.07851812,67.5,21,16,4.113423971,0.06314105406,4.546594351,-0.4490947474,1.911493549,564479.0118
1482,1,5126,96.2281543,82.65636116,0.5120387566,0.3346510367,6938,80.78753559,0.7388296339,0.4755102041,516.378,323.2505519,206.5,110,98,0.3033325726,0.02767837837,0.2714739599,0.4820381206,2.269413806,4724.169953
1482,2,1817,75.11635515,34.68825784,0.886987373,0.445998114,2115,48.09860968,0.8591016548,0.7117117117,190.19,178.7766027,130.5,69,37,0.6619142773,0.02079062174,0.6574571867,0.1781883271,2.372032561,37984.21138
1482,3,377,67.76401121,20.24155624,0.9543449991,-26.85035942,1003,21.90916038,0.3758723829,0.1870967742,178.661,149.8207556,78.5,65,31,2.379612502,0.04564300881,2.451586235,-0.06567761194,1.88592543,146272.6094
1498,1,897,47.31893985,28.74455463,0.7943471743,21.63224536,1278,33.79490896,0.7018779343,0.5022396417,159.971,135.2796639,106.5,47,38,0.320188763,0.02959025577,0.3373808246,-0.2243699399,2.129686568,1632.161621
1498,2,798,73.31201811,19.03418914,0.9657074703,-10.3394053,1288,31.87546324,0.6195652174,0.4191176471,186.394,160.5459643,118.5,68,28,0.8408499993,0.03137209309,0.7384113735,0.4955237456,2.326643516,7063.669434
1498,3,218,18.29525808,16.59980719,0.4204226206,2.939907783,282,16.66031875,0.7730496454,0.5265700483,64.764,63.8621686,42.5,23,18,1.382522912,0.06002286122,1.460419245,-0.08626749967,2.1535439,15382.80843
1536,1,422,27.84086956,20.11484483,0.6913778059,-35.47997396,493,23.17988542,0.8559837728,0.624260355,85.481,81.50812649,75.5,26,26,0.4955892972,0.04314085174,0.4823293855,0.03909322977,2.047175107,1538.595002
1536,2,210,24.40404724,14.13790942,0.8150956351,-59.00611209,324,16.35176762,0.6481481481,0.4150197628,72.695,69.45207977,42.5,23,22,0.8850592942,0.0611554679,0.9513558133,-0.309837917,2.050388401,4311.053711
1544,1,1942,75.77671509,64.04514782,0.5344779402,77.24705434,4692,49.72555878,0.4138959932,0.2574231177,520.796,265.395109,104.5,82,92,0.794028529,0.02011038236,0.7932774777,0.04794528992,2.126273831,21078.76758
1544,2,184,18.23405536,13.73954917,0.657436061,-50.01587092,215,15.30607971,0.8558139535,0.5696594427,53.666,54.02154229,133.5,19,17,0.6153858966,0.09239554404,0.6533351574,-0.2850170595,2.052534178,1347.743248
1612,1,407,28.6540113,24.75941499,0.5033510918,75.95024345,735,22.76419326,0.5537414966,0.486260454,137.318,104.8345535,41.5,31,27,0.7126232346,0.04392863778,0.7151064134,-0.0954089142,2.192713505,3142.697998
1612,2,263,24.73938204,15.12054708,0.7914812852,-40.67806257,354,18.29923496,0.7429378531,0.4638447972,77.749,73.64527198,85.5,27,21,0.6680039925,0.1221946153,0.6912371291,-0.05720299937,2.203660268,1966.016235
1646,1,4229,101.5953347,55.7524421,0.8359735691,-50.95805729,4839,73.37935701,0.8739408969,0.5403782264,299.756,274.2085044,108.5,86,91,0.6697268448,0.01362781088,0.6955525737,0.003273681325,2.220096304,146170.4522
1646,2,462,31.1941324,26.22712181,0.5413909212,31.3420889,739,24.25359086,0.6251691475,0.4,118.405,103.8218165,136.5,33,35,0.6991865997,0.04123100805,0.7375626942,-0.1517126403,2.06120177,4055.673584
1657,1,2919,77.43310365,50.04420223,0.7630923114,-60.4678232,3380,60.96381083,0.8636094675,0.608125,239.837,215.4535264,96.5,64,75,0.6419951678,0.01640317405,0.6796933811,-0.1998592743,2.124611571,89674.4061
1657,2,868,49.9666252,40.56706287,0.5838199141,-87.95365336,2010,33.24412617,0.431840796,0.3338461538,304.054,165.3607564,144.5,50,52,0.7873320181,0.1504025094,0.8093835271,-0.05527290268,2.189908329,7186.765137
1672,1,563,39.76811935,22.58317399,0.8231173528,-67.33793906,888,26.77375326,0.634009009,0.4139705882,143.406,114.5114821,89.5,34,40,0.6862076752,0.03735001179,0.6733369133,0.07481293777,2.157847461,5186.283691
1672,2,242,34.45476852,16.71532217,0.8744375274,-64.85153662,483,17.55346034,0.5010351967,0.300248139,110.392,87.28313566,173.5,26,31,0.7762256157,0.05696882442,0.7600589176,0.3374037078,2.491007916,1247.097168
1772,1,975,38.43968198,34.47647029,0.4422376571,-75.6431648,1264,35.2336282,0.7713607595,0.5404656319,154.397,131.1888236,64.5,41,44,0.6465203799,0.02838197629,0.692892344,-0.3476146126,1.991848878,21223.02917
1772,2,402,48.10251466,14.4620086,0.9537346239,0.3581925414,617,22.62393195,0.6515397083,0.4077079108,130.702,126.3658513,144.5,58,17,0.9099901921,0.0442009816,0.8126251595,0.5289933954,2.458380458,2632.973145
1781,1,4567,104.9734164,79.39815165,0.6541505513,-57.17463156,7551,76.25539326,0.6048205536,0.3550217662,441.862,359.8776721,165.5,134,96,0.7683624604,0.01311382654,0.7616187118,0.2148381999,2.326106513,136262.6094
1781,2,719,66.36558476,33.70601589,0.8614254958,-14.91741183,1647,30.25655685,0.4365513054,0.3036317568,260,159.9665102,168.5,64,37,0.7918919109,0.5958297391,0.7338443504,0.4332700234,2.582189911,5067.960938
1781,3,679,45.56742363,21.0532604,0.8868672264,4.816120498,912,29.40288508,0.7445175439,0.5432,136.724,123.4692361,235.5,50,25,0.7187830628,0.03401026795,0.7011396356,0.2220822984,2.192899667,7331.616211
1781,4,235,25.6099185,14.50193817,0.8242249123,-13.48204863,311,17.29772508,0.7556270096,0.493697479,75.665,72.0461946,220.5,28,17,0.7002545463,0.2890553513,0.703302024,0.1816198017,2.317085264,1549.557739
1842,1,6443,194.6461411,59.47602432,0.9521729072,-12.13285274,10715,90.5730776,0.6013065796,0.406703699,638.846,439.9526029,213.5,178,89,0.1576566559,0.01104080844,0.1569193714,-0.03439223816,2.07329645,2105.029541
1842,2,1000,48.16628675,33.78604065,0.7127227774,-1.837128076,1628,35.68248232,0.6142506143,0.422832981,229.401,149.6379589,151.5,55,43,1.925767579,0.02802495608,1.73777327,0.4971497703,2.45089664,150298.7969
1842,3,565,35.60300206,22.90758729,0.7655156328,-47.55567067,853,26.82126661,0.6623681125,0.4306402439,131.613,117.784668,147.5,32,41,0.9044011808,0.03728384697,0.9320961743,-0.03364245654,2.221152424,10976.8623
1842,4,296,28.49048811,16.89241694,0.8052655894,81.70672026,515,19.41336924,0.5747572816,0.3523809524,106.529,90.14588797,161.5,28,30,0.9988609186,0.05151089374,1.015953629,0.2024277472,2.498866898,6163.377441
1847,1,391,30.70971838,21.62650851,0.7099782517,89.07677196,612,22.31225363,0.6388888889,0.3957489879,107.67,97.42200601,80.5,26,38,0.5250657502,0.1002170383,0.5378210646,0.06608288849,2.221345634,1861.142822
1847,2,387,41.87902467,14.46975865,0.938413865,63.3970351,536,22.19783106,0.7220149254,0.406512605,100.26,96.53984865,106.5,28,34,0.7145458328,0.04504944637,0.7388658568,0.133966578,2.419058943,3696.18042
1847,3,252,25.59954844,13.41462296,0.8517072182,-49.06428246,283,17.91246396,0.890459364,0.5454545455,64.169,66.50903886,63.5,21,22,0.9153576276,0.05582704881,0.8374057321,0.3448835693,2.218612293,6338.948577
1852,1,15904,575.2170815,41.58375885,0.9973834895,1.005792261,20988,142.3010953,0.7577663427,0.6286166008,1411.632,1119.84844,605.5,550,46,0.09655048247,0.009938177633,0.09962961272,0.01585194241,2.196522136,1423.352905
1852,2,248,25.64320794,19.16616218,0.6643555207,-13.54688205,488,17.76973289,0.5081967213,0.3636363636,105.926,87.01854987,46.5,31,22,10.19323913,0.05627546604,8.836861012,0.6308994535,2.492475255,382818.125
1888,1,7781,175.3965717,82.8979238,0.8812602217,38.24995286,13997,99.53430011,0.5559048368,0.3256738657,1032.839,480.6304241,258.5,181,132,0.1719545981,0.01420830368,0.1844345088,-0.2827931121,1.974390842,6240.606934
1888,2,1062,54.63036677,35.58548686,0.7587460348,-74.61834563,1787,36.77200561,0.5942921097,0.4359605911,221.313,163.2200074,320.5,42,58,2.04242199,0.02719460044,1.916013518,0.401321271,2.430624977,159850.4844
1888,3,551,31.23513388,24.73706111,0.6105694672,55.21774664,648,26.48688334,0.850308642,0.5554435484,103.089,97.85578616,83.5,32,31,0.4409976324,0.05339297735,0.4561897985,-0.08884303209,2.161426958,2503.849345
1888,4,231,20.77198597,18.05857276,0.4941590649,-49.07867916,378,17.14987857,0.6111111111,0.4074074074,88.98,74.55417712,261.5,27,21,1.537636765,0.0824620161,1.530553665,0.04788896128,2.132596716,25464.17925
1921,1,4959,107.8807062,67.74064789,0.7782764322,-19.18137258,6716,79.46065002,0.738385944,0.5348360656,429.73,324.5220954,162.5,122,76,0.115583142,0.01258484545,0.1239463533,-0.2035462999,2.031214595,942.3126221
1921,2,158,17.34663012,13.305399,0.6416103205,48.13919145,195,14.1835062,0.8102564103,0.5163398693,53.624,54.34833693,29.5,18,17,3.998337887,0.0705044286,4.147194908,0.09631704731,2.187862351,349457.415
1923,1,2041,98.04331886,54.08067013,0.8341089355,-18.83016352,5452,50.97726857,0.3743580337,0.2745493678,414.013,310.9521566,189.5,126,59,0.4699827611,0.04386402097,0.4170543503,0.4896682153,2.225220841,495.1255188
1923,2,228,88.9777848,14.01844338,0.9875110232,-7.039217648,927,17.03815178,0.2459546926,0.1480519481,171.284,159.6069561,70.5,70,22,1.538136886,0.1312388812,1.370174145,0.4814255112,2.198174999,619.8312988
1923,3,191,70.36093991,12.1531973,0.984969829,25.13447896,753,15.59451035,0.2536520584,0.09784836066,149.526,143.4611639,61.5,61,32,3.205954014,0.06412512978,3.144747622,0.3056363366,2.546163158,36959.14844
1930,1,2329,69.30992989,50.63139468,0.6829051195,87.11948618,3207,54.45525594,0.7262238853,0.546713615,258.513,210.137412,89.5,60,71,0.6521838064,0.02597019402,0.683415907,-0.1300429032,2.060122445,42619.92969
1930,2,1311,58.41758325,38.95908202,0.7451411639,4.647815991,1974,40.85605271,0.6641337386,0.4482051282,223.083,171.5899599,178.5,65,45,0.4496697155,0.02447617755,0.422524335,0.3222760299,2.294167288,2833.876709
1930,3,369,38.50979103,22.11317478,0.8186995352,56.10301036,674,21.67545598,0.5474777448,0.3253968254,121.34,113.5191913,141.5,27,42,0.4922658127,0.2306756547,0.4749902447,0.1409725998,2.011758946,610.4860229
1930,4,156,27.26920649,13.7357604,0.8638730605,-23.93354085,279,14.09345128,0.5591397849,0.3421052632,77.128,67.10803723,108.5,24,19,2.006955235,0.1003454395,1.998109272,0.05907126857,2.150719004,16589.72266
1960,1,1209,60.90684896,29.17114799,0.8778438605,-3.438404423,1721,39.23450789,0.7024985474,0.4600456621,204.788,175.320498,113.5,73,36,0.3631844652,0.02548776711,0.3622492333,0.3084379756,2.766655669,1296.479736
1960,2,258,33.06656076,16.93972316,0.858811539,-31.99188204,490,18.12445317,0.5265306122,0.3771929825,121.638,92.85399732,52.5,36,19,1.603096278,0.05517407841,1.538951333,0.3342528898,2.457933354,16395.81641
1972,1,584,42.09046845,20.61610438,0.8718322486,15.99210634,759,27.2685147,0.7694334651,0.507826087,122.267,114.9952376,57.5,46,25,0.7124066325,0.03667233111,0.700623902,0.2632832552,2.308740932,6011.379395
1972,2,359,23.38706456,19.91778996,0.5240972922,-83.40622375,390,21.37973331,0.9205128205,0.6799242424,69.586,71.76210095,131.5,22,24,0.6140342893,0.06614739022,0.674573667,-0.4302411721,1.98385736,4144.546108
2000,1,468,41.9765388,18.6808064,0.8955158109,80.95153966,672,24.41057367,0.6964285714,0.6023166023,120.009,103.0660807,48.5,21,37,0.7082806854,0.04096585412,0.6781055448,0.2019892271,2.156424963,3827.275635
2000,2,168,16.44108346,13.67316766,0.5553055797,-29.83526135,194,14.62546558,0.8659793814,0.6315789474,52.243,52.63599078,76.5,19,14,0.6212220022,0.8914864786,0.680302956,-0.2677895868,2.097145009,1247.212283
2010,1,1723,52.21208425,45.9747565,0.4739744111,-0.2043147676,2019,46.83793052,0.8533927687,0.5538412086,180.862,170.0213878,91.5,61,51,0.6479462723,0.02135021742,0.7058499413,-0.3033328284,2.014694871,48208.52467
2010,2,727,63.92210247,33.51472202,0.8515301192,65.55643946,1643,30.42441699,0.4424832623,0.285321821,254.236,153.4497319,135.5,49,52,0.7609776817,0.3674791827,0.7260853032,0.226330644,2.238065791,5157.872559
2077,1,316,23.83968017,19.23742043,0.5906203006,72.39944415,479,20.05850683,0.6597077244,0.487654321,90.063,83.10156681,39.5,24,27,0.6738953413,0.04985415957,0.7258875201,-0.1961699855,2.108292305,3367.001926
2077,2,194,18.51370354,13.60293553,0.6783384732,-5.471812452,200,15.71650316,0.97,0.8290598291,48.943,52.5602461,57.5,18,13,0.6066684981,0.06362738515,0.6642894033,-0.3183815919,2.053170249,1431.780852
2089,1,508,43.99422012,28.14480859,0.7685924126,-34.90082271,1078,25.43237481,0.4712430427,0.2728249194,206.765,126.8929814,67.5,49,38,0.7627703588,0.5348092975,0.7481132898,0.2071499137,2.350393392,3459.206055
2089,2,173,20.26294045,14.00049122,0.7229113943,-22.65231814,272,14.84151075,0.6360294118,0.3914027149,70.959,65.02245342,137.5,26,17,0.7120572161,0.06737858545,0.7288108341,0.05305005425,2.303824146,1028.628662
2100,1,833,43.09322178,29.95613865,0.718867283,-20.45370719,1197,32.56698544,0.6959064327,0.4885630499,172.749,141.1172632,85.5,55,31,0.2616760266,0.03070594304,0.283094807,-0.3129001994,2.072556492,1011.113525
2100,2,155,16.44398382,12.43744482,0.6541645155,-43.84719576,169,14.04820734,0.9171597633,0.6919642857,45.304,48.408002,47.5,16,14,1.652685717,0.07118345963,1.714324723,0.1121977153,2.395309174,14448.18461
2172,1,360,42.23917236,19.9450411,0.8814951957,-5.088591015,778,21.40948939,0.4627249357,0.3512195122,134.284,112.4876817,58.5,41,25,0.459076703,0.04670826014,0.5052270807,-0.4059952542,1.998914437,1525.351807
2172,2,287,21.13732038,17.93854544,0.5289275855,33.17838746,308,19.11595536,0.9318181818,0.6866028708,62.614,65.60856224,75.5,22,19,0.9021779267,0.2615616068,0.8877695322,0.3095513107,2.489135229,5092.521691
2172,3,207,17.67170889,15.47157997,0.4832182371,-89.29577218,224,16.23454914,0.9241071429,0.8117647059,53.235,55.16876114,55.5,15,17,0.7253426434,0.06159702936,0.8031270039,-0.3790639415,1.996750169,3361.504139
2180,1,1175,54.47915135,35.0495546,0.7655661339,2.269987466,1631,38.67888914,0.7204169221,0.4707532051,182.4,162.9199515,84.5,64,39,0.7102279543,0.02585389659,0.6999676915,0.08866764533,2.119287313,16624.20117
2180,2,256,23.04907324,15.48542046,0.7406911446,-88.52527973,344,18.05406667,0.7441860465,0.4923076923,74.531,70.05403455,95.5,20,26,0.6477681039,0.05538918284,0.6692700427,-0.1135588785,2.194856645,1960.850708
2221,1,5544,120.4810266,59.9268101,0.8675234732,-23.74177775,6326,84.01690328,0.8763831805,0.579976985,348.824,310.6581222,145.5,121,79,0.6799235282,0.0119023668,0.689618654,0.0758345806,2.196152539,209431.1327
2221,2,827,63.25396185,19.67212735,0.9504091603,-7.565222874,1147,32.44948541,0.7210113339,0.4594444444,173.319,157.6362136,193.5,72,25,0.8109298918,0.03081712968,0.7220684313,0.5173629535,2.526648273,8490.836914
2253,1,778,62.62397498,30.81787855,0.8705330773,-69.95803157,1730,31.47348671,0.4497109827,0.3598519889,229.367,160.5593957,82.5,46,47,0.7818651776,0.03177277463,0.7335314632,0.2736859314,2.252858984,6461.682617
2253,2,746,60.45783047,25.89585308,0.9036227707,9.048789176,1390,30.81942083,0.5366906475,0.339708561,178.075,154.0236186,167.5,61,36,0.8106992478,0.03244707308,0.7637133975,0.2522256819,2.082732509,6464.774414
2266,1,495,30.57362875,24.38768998,0.603093146,57.986939,782,25.10485162,0.6329923274,0.4285714286,132.448,106.344778,112.5,35,33,0.8179555341,0.03983293808,0.7323196565,0.5715036628,2.662766864,12595.43035
2266,2,385,51.63763332,17.57349517,0.9403084496,-14.18158922,896,22.14039803,0.4296875,0.2989130435,179.837,131.5367469,70.5,56,23,0.7772156416,0.04516630635,0.8142471674,-0.1978281649,2.077236286,4750.959961
2347,1,1854,77.01536492,38.39994473,0.866831561,26.40180675,3223,48.58586333,0.5752404592,0.4299628942,354.861,219.3573281,136.5,77,56,0.2259682973,0.1897577572,0.2119058803,0.3733592637,2.568406475,695.1141968
2347,2,157,25.56131747,12.42706273,0.8738660581,-38.12124605,312,14.13855044,0.5032051282,0.3115079365,90.617,70.34735964,63.5,28,18,2.454777827,0.07072860859,2.377575606,0.2166912184,2.326510134,25013.77734
2376,1,736,55.05274885,19.09137355,0.9379452796,35.95664879,1010,30.61215943,0.7287128713,0.3739837398,141.174,133.1670124,139.5,48,41,0.5722133286,0.1633337894,0.5620201533,0.2303061012,2.483019265,3526.572998
2376,2,480,37.53055522,24.97437842,0.7464502554,33.83699094,795,24.72154893,0.6037735849,0.3488372093,148.137,112.6977254,91.5,43,32,0.9206736413,0.05720570205,0.8446320689,0.2776233453,2.10875875,7613.65625
